job_id,location,entreprise,titre
3782003194,Gardouch|Occitanie|France,GarderMesEnfants,Assistante-maternelle - chercher assistante maternelle agrées
3783644655,Carquefou|PaysdelaLoire|France,Axione,FOREUR TARIERE RESEAU TELECOM H/F
3783482634,Montaigu-Vendée|PaysdelaLoire|France,Pôle emploi,CONSEILLER(E) EMPLOI ACCOMPAGNEMENT - LA ROCHE SUD et LA ROCHE NORD (85) CDD 12 mois - 100% F/H
3783660494,GreaterParisMetropolitanRegion,Marcy Paris,STAGE/ALTERNANCE H/F MARKETING
3783652045,Paris|Île-de-France|France,Saint Laurent,SAINT LAURENT In Store Visual Merchandiser Champs Elysées
3783475908,St.-Fons|Auvergne-Rhône-Alpes|France,DAVRICOURT | Certified Positive Company®,Safety Leader H/F
3783643786,Malakoff|Île-de-France|France,Axione,RESPONSABLE FINANCIER H/F
3783667106,Montévrain|Île-de-France|France,Aquatonic Paris Val d’Europe,Spa Praticien·ne F/H
3783480264,Mitry-Mory|Île-de-France|France,My Recrutement,ASSISTANT.E POLYVALENT.E H/F
3783644653,Malakoff|Île-de-France|France,Axione,CHEF DE MARCHE VIDEOPROTECTION ET SURETE H/F
3783478515,Lille|Hauts-de-France|France,DAVRICOURT | Certified Positive Company®,Technicien support informatique et proximité
3777896188,Saran|Centre-ValdeLoire|France,SEPHORA,Chef de Projet Supply Chain (H/F)
3783642432,Bouxwiller|GrandEst|France,ExperTeam Emploi,MANOEUVRE (H/F)
3778835536,Grenoble|Auvergne-Rhône-Alpes|France,Verkor,Operational Excellence Manager
3783446214,Niort|Nouvelle-Aquitaine|France,Jober Group | Recrutement Dentaire 🦷 et Medical 🩺,Audioprothésiste H/F - Niort 79
3773450442,Blancafort|Centre-ValdeLoire|France,CCLD,Chef d'équipe H/F
3773183958,Ingrandes|PaysdelaLoire|France,Les Jardins de l'Anjou,Réceptionniste H/F
3782001540,Lagny-sur-Marne|Île-de-France|France,UCPA,Assistant.e commercial et administratif (H/F/NB) Centre aquatique Marne et Gondoire
3783654656,Lille|Hauts-de-France|France,DAVRICOURT | Certified Positive Company®,Technicien support informatique et proximité
3782020859,Aix-en-Provence|Provence-Alpes-Côted'Azur|France,APF,Candidature spontanée (F/H) réservée aux personnes RQTH
3773448899,Landevieille|PaysdelaLoire|France,METIER INTERIM & CDI,Tourneur Fraiseur H/F
3783642632,Mansle|Nouvelle-Aquitaine|France,FAB Group,Directeur Supply Chain H/F
3783642928,Saint-Jean-d’Ardières|Auvergne-Rhône-Alpes|France,Axione,Logisticien 31 H/F
3781875730,Paris|Île-de-France|France,STATION F,Inside Sales Inbound
3783630119,France,AL Solutions,Freelance Clinical Project Manager
3783641630,Cergy|Île-de-France|France,Département du Val d'Oise,Auditeurs (H/F)
3783422097,Chennevières|Île-de-France|France,La Maison Bleue,Assistante Maternelle  - H/F
3783647207,Saint-Paul-d’Oueil|Occitanie|France,AXION energy,RESPONSABLE MAGASIN H/F
3773176799,Strasbourg|GrandEst|France,CCLD,Responsable Commercial Régional H/F
3783487501,Vitrolles|Provence-Alpes-Côted'Azur|France,ARIAL Industries,TECHNICIEN RADIOCOMMUNICATION (HF)
3773185648,Aubiet|Occitanie|France,Art et Fenêtres,Poseur de Menuiserie H/F
3783617971,Paris|Île-de-France|France,Hôtel des Grands Voyageurs,Réceptionniste
3782020715,Normandy|France,Christofle,Gestionnaire approvisionnements H/F - CDI
3783641991,Malakoff|Île-de-France|France,Axione,RESPONSABLE PAIE & ADMINISTRATION RH H/F
3783643510,Paris|Île-de-France|France,Harry Hope.,Assistant gestionnaire de copropriété H/F
3783643343,Paris|Île-de-France|France,Collège de Paris,Assistant(e) Commerce international (H/F)
3773201234,Paris|Île-de-France|France,Monceau Fleurs,Fleuriste (H/F) PARIS 15e
3781899695,Rennes|Brittany|France,GarderMesEnfants,Assistante-maternelle - Recherche garde enfant à temps _ Gentil petit garçon de 2 ans (et demie)
3772755639,Mont-de-Marsan|Nouvelle-Aquitaine|France,GROUPE MORGAN SERVICES,Magasinier Automobile H/F
3778826224,Augny|GrandEst|France,DECATHLON FRANCE,Candidature spontanée
3782006029,Saint-Nazaire-des-Gardies|Occitanie|France,GarderMesEnfants,Garde-periscolaire - Urgent Garde perisocolaire Pornichet
3783664734,Paris|Île-de-France|France,Auguste et Louise,Responsable Social Media et Influence H/F
3783648091,Lyon|Auvergne-Rhône-Alpes|France,Elatos,Directeur Energies Renouvelables h/f
3782004202,Paris|Île-de-France|France,Allianz France,Analyste Crédits  (H/F) : Allianz banque
3782002369,Palaiseau|Île-de-France|France,GarderMesEnfants,Assistante-maternelle - Maëlyne 18 mois
3772757622,Bazas|Nouvelle-Aquitaine|France,TOUT FAIRE,Magasinier Cariste H/F
3772761155,Paris|Île-de-France|France,Sintel Recrutement,Assistant Studio Luxe H/F
3782004041,Orléans|Centre-ValdeLoire|France,GarderMesEnfants,Garde-periscolaire - Ramener un enfant au collège
3782003194,Gardouch|Occitanie|France,GarderMesEnfants,Assistante-maternelle - chercher assistante maternelle agrées
3783644655,Carquefou|PaysdelaLoire|France,Axione,FOREUR TARIERE RESEAU TELECOM H/F
3778820060,Paris|Île-de-France|France,Mydral,Assistant de Gestion H/F
3781897788,Vernon|Normandy|France,GarderMesEnfants,Assistante-maternelle - Recherche assistante maternelle pour son enfant à partir du 06/05/2024 à Vernon
3777886789,Boulogne-Billancourt|Île-de-France|France,Hilti Group,UI/UX Designer (F/H)
3783664734,Paris|Île-de-France|France,Auguste et Louise,Responsable Social Media et Influence H/F
3783646111,Cagnes-sur-Mer|Provence-Alpes-Côted'Azur|France,Groupe Noble Age,Adjointe de direction/ Chargée RH
3773452203,LesAchards|Provence-Alpes-Côted'Azur|France,METIER INTERIM & CDI,Technicien Methodes H/F
3781899716,Sainte-Agnès|Auvergne-Rhône-Alpes|France,GarderMesEnfants,Assistante-maternelle - Nounou
3782001465,Champanges|Auvergne-Rhône-Alpes|France,GarderMesEnfants,Baby-sitter - Recherche baby-sitter pour son enfant à partir du 16/12/2023 à Champanges
3783643781,Malakoff|Île-de-France|France,Axione,RESPONSABLE OFFRES - GRANDES AFFAIRES H/F
3783644650,Pau|Nouvelle-Aquitaine|France,Axione,ADMINISTRATEUR SYSTEME ET APPLICATIFS H/F H/F
3783487501,Vitrolles|Provence-Alpes-Côted'Azur|France,ARIAL Industries,TECHNICIEN RADIOCOMMUNICATION (HF)
3773186664,Boulogne-sur-Mer|Hauts-de-France|France,Réseau Résilians,Manoeuvre H/F
3783626021,Lyon|Auvergne-Rhône-Alpes|France,Forum réfugiés,Chef de service - F/H
3782002385,Cognac|Nouvelle-Aquitaine|France,GarderMesEnfants,Assistante-maternelle - Recherche assistante maternelle véhiculée pour ses 2 enfants à partir du 20/12/2023 à Cognac
3783646509,Malakoff|Île-de-France|France,Axione,CHEF DE PROJET REFERENTIEL ADRESSE H/F
3783643775,Lyon|Auvergne-Rhône-Alpes|France,Axione,RESPONSABLE RESSOURCES HUMAINES H/F
3781898905,Lorette|Auvergne-Rhône-Alpes|France,GarderMesEnfants,Assistante-maternelle - Recherche assistante maternelle pour son enfant à partir du 02/02/2024 à Lorette
3781812313,Saint-Romain-de-Colbosc|Normandy|France,GarderMesEnfants,Assistante-maternelle - Recherche assistante maternelle véhiculée pour son enfant à partir du 02/12/2024 à Saint-Romain-de-Colbosc
3783643510,Paris|Île-de-France|France,Harry Hope.,Assistant gestionnaire de copropriété H/F
3773451369,Ancenis-Saint-Géréon|PaysdelaLoire|France,Edifice,Chef de Projet Innovation Process Robotique H/F
3778835536,Grenoble|Auvergne-Rhône-Alpes|France,Verkor,Operational Excellence Manager
3782006034,Saint-Georges-sur-la-Prée|Centre-ValdeLoire|France,GarderMesEnfants,Assistante-maternelle - Recherche assistante maternelle pour son enfant à partir du 19/02/2024 à Saint-Georges-sur-la-Prée
3781862254,Reims|GrandEst|France,AK Recrutement,Directeur de Territoire - Reims F/H
3783420405,Montpellier|Occitanie|France,La Maison Bleue,Assistante Maternelle  - H/F
3781899599,Nieul-le-Dolent|PaysdelaLoire|France,GarderMesEnfants,Assistante-maternelle - Recherche assistante maternelle pour son enfant à partir du 15/09/2024 à Nieul-le-Dolent
3783642928,Saint-Jean-d’Ardières|Auvergne-Rhône-Alpes|France,Axione,Logisticien 31 H/F
3773410312,Hinx|Nouvelle-Aquitaine|France,Université du Québec à Rimouski,Directeur Marketing
3782001471,Domecy-sur-le-Vault|Bourgogne-Franche-Comté|France,GarderMesEnfants,Assistante-maternelle - Recherche assistante maternelle véhiculée pour son enfant à partir du 05/02/2024 à Domecy-sur-le-Vault
3781861595,Poissy|Île-de-France|France,ELSAN,Assistant RH Planning H/F
3778809658,Paris|Île-de-France|France,HELMUT. LUXURY FOR THE NEW GEN,Stage - Assistant·e Chef de Projet New Business
3781815075,Thionville|GrandEst|France,GarderMesEnfants,Assistante-maternelle - La providence maternelle Thionville pour son enfant à partir du 02/09/2024 à Thionville
3782005074,Bondoufle|Île-de-France|France,GarderMesEnfants,Assistante-maternelle - Recherche assistante maternelle pour son enfant à partir du 10/01/2024 à Bondoufle
3782003022,LeBuisson|Nouvelle-Aquitaine|France,GarderMesEnfants,Assistante-maternelle - Recherche assistante maternelle pour son enfant à partir du 08/01/2024 à Verrières-le-Buisson
3781899634,Grenay|Auvergne-Rhône-Alpes|France,GarderMesEnfants,Assistante-maternelle - Recherche assistante maternelle
3782002368,Vic-Fezensac|Occitanie|France,GarderMesEnfants,Assistante-maternelle - Recherche assistante maternelle
3782002382,Ugine|Auvergne-Rhône-Alpes|France,GarderMesEnfants,Assistante-maternelle - Recherche assistante maternelle pour son enfant à partir du 08/01/2024 à Vouillé
3783443888,Paris|Île-de-France|France,Jober Group | Recrutement Dentaire 🦷 et Medical 🩺,Cardiologue H/F - Salarié - 45% brut - Paris 75
3773196270,Pau|Nouvelle-Aquitaine|France,Evolu'Santé,Prothésiste Dentaire H/F
3781899666,Ligne|Hauts-de-France|France,GarderMesEnfants,Assistante-maternelle - Recherche assistante maternelle pour son enfant à partir du 02/09/2024 à Ligné
3773407994,Sainte-Marie-d’Alloix|Auvergne-Rhône-Alpes|France,Université du Québec à Rimouski,Guide-interprète du patrimoine moderne
3782006021,Sadirac|Nouvelle-Aquitaine|France,GarderMesEnfants,Assistante-maternelle - Recherche assistante maternelle pour son enfant à partir du 01/01/2024 à Sadirac
3783644652,France,Axione,RESPONSABLE COMMERCIAL OUEST- H/F
3782003180,Jarny|GrandEst|France,GarderMesEnfants,Assistante-maternelle - Recherche assistante maternelle pour son enfant à partir du 01/02/2024 à Jarny
3781898950,Annemasse|Auvergne-Rhône-Alpes|France,GarderMesEnfants,Assistante-maternelle - Assmat a recherchée
3781897883,Artiguelouve|Nouvelle-Aquitaine|France,GarderMesEnfants,Assistante-maternelle - Recherche assistante maternelle pour son enfant à partir du 01/01/2024 à Artiguelouve
3782001476,Koenigsmacker|GrandEst|France,GarderMesEnfants,Assistante-maternelle - Recherche assistante maternelle pour ses 2 enfants à partir du 10/01/2024 à Kœnigsmacker
3783643786,Malakoff|Île-de-France|France,Axione,RESPONSABLE FINANCIER H/F
3782001396,Avignon|Provence-Alpes-Côted'Azur|France,GarderMesEnfants,Assistante-maternelle - Recherche assistante maternelle pour son enfant à partir du 10/01/2024 à Avignon
3773409693,Sainte-Marie-de-Ré|Nouvelle-Aquitaine|France,Université du Québec à Rimouski,Chercheur.e – Transformation Bioalimentaire
3782003191,Strasbourg|GrandEst|France,GarderMesEnfants,Assistante-maternelle - Recherche assistante maternelle pour son enfant à partir du 02/09/2024 à Strasbourg
3773294391,Dijon|Bourgogne-Franche-Comté|France,Talents Commerciaux,Chef de Secteur Bourgogne - Négoce Matériaux
3782005086,Rennes|Brittany|France,GarderMesEnfants,Assistante-maternelle - Recherche assistante maternelle pour son enfant à partir du 01/02/2024 à Rennes
3773183382,Nantes|PaysdelaLoire|France,CCLD,Directeur régional Ouest H/F
3782002272,Pessac|Nouvelle-Aquitaine|France,GarderMesEnfants,Assistante-maternelle - RECHERCHE ASSISANTE MATERNELLE PESSAC/MERIGNAC
3782003163,Saint-Denis-d’Orques|PaysdelaLoire|France,GarderMesEnfants,Assistante-maternelle - Recherche assistante maternelle pour son enfant à partir du 14/12/2023 à Saint-Denis
3781810664,Aix-les-Bains|Auvergne-Rhône-Alpes|France,GarderMesEnfants,Baby-sitter - Recherche baby-sitter pour son enfant à partir du 21/12/2023 à Aix-les-Bains
3782002385,Cognac|Nouvelle-Aquitaine|France,GarderMesEnfants,Assistante-maternelle - Recherche assistante maternelle véhiculée pour ses 2 enfants à partir du 20/12/2023 à Cognac
3783645330,Montoir-de-Bretagne|PaysdelaLoire|France,Synergie,Assistant
3783422096,Chennevières|Île-de-France|France,La Maison Bleue,Assistante Maternelle  - H/F
3783420405,Montpellier|Occitanie|France,La Maison Bleue,Assistante Maternelle  - H/F
3782002205,Roubaix|Hauts-de-France|France,GarderMesEnfants,Assistante-maternelle - Recherche assistante maternelle véhiculée pour ses 2 enfants à partir du 02/09/2024 à Roubaix
3782002377,Ampuis|Auvergne-Rhône-Alpes|France,GarderMesEnfants,Assistante-maternelle - Garde enfant 8 ans
3783643774,Malakoff|Île-de-France|France,Axione,CHEF DE PROJETS EXPERIENCE CLIENTS H/F
3782002271,Poissy|Île-de-France|France,GarderMesEnfants,Assistante-maternelle - Recherche assistante maternelle véhiculée pour ses 2 enfants à partir du 10/01/2024 à Poissy
3782006039,Creutzwald|GrandEst|France,GarderMesEnfants,Assistante-maternelle - Recherche assistante maternelle véhiculée pour ses 2 enfants à partir du 08/01/2024 à Creutzwald
3781899729,Gournay-sur-Aronde|Hauts-de-France|France,GarderMesEnfants,Assistante-maternelle - Recherche assistante maternelle véhiculée pour ses 2 enfants à partir du 17/01/2024 à Gournay-sur-Aronde
3783488346,GreaterParisMetropolitanRegion,Qualis,Consultant recrutement/Consultante recrutement débutant(e) (H/F)
3783641996,Vierzon|Centre-ValdeLoire|France,Axione,COORDINATEUR TRAVAUX H/F
3782006003,Saint-Julien-en-Genevois|Auvergne-Rhône-Alpes|France,GarderMesEnfants,Assistante-maternelle - Urgent recherche assistante maternelle pour mars 2024
3783482634,Montaigu-Vendée|PaysdelaLoire|France,Pôle emploi,CONSEILLER(E) EMPLOI ACCOMPAGNEMENT - LA ROCHE SUD et LA ROCHE NORD (85) CDD 12 mois - 100% F/H
3781899786,Bordeaux|Nouvelle-Aquitaine|France,UCPA,ACCOMPAGNATEUR.RICE TRANSPORT (F/H/NB) BORDEAUX
3782001465,Champanges|Auvergne-Rhône-Alpes|France,GarderMesEnfants,Baby-sitter - Recherche baby-sitter pour son enfant à partir du 16/12/2023 à Champanges
3783643775,Lyon|Auvergne-Rhône-Alpes|France,Axione,RESPONSABLE RESSOURCES HUMAINES H/F
3781866159,Varennes-Saint-Sauveur|Bourgogne-Franche-Comté|France,Inicea,Assistant social H/F
3783664800,Chambéry|Auvergne-Rhône-Alpes|France,Groupe BK,Standardiste F/H
3783448070,Montigny-lès-Cormeilles|Île-de-France|France,Jober Group | Recrutement Dentaire 🦷 et Medical 🩺,ORL H/F - Libéral ou salarié - Proche gare - Montigny-les-Cormeilles 95
3778832704,Vénissieux|Auvergne-Rhône-Alpes|France,GIF EMPLOI,Assistant technique (H/F)
3783642582,Loscouët-sur-Meu|Brittany|France,FID RH,CONTROLEUR DE GESTION (H/F)
3783488316,Levallois-Perret|Île-de-France|France,Qualis,Consultant recrutement/Consultante recrutement (H/F)
3783664612,St-Malo|Brittany|France,Le Grand Hôtel des Thermes,Gouvernant·e F/H
3773420321,Lyon|Auvergne-Rhône-Alpes|France,TEMANA,Spa Praticien (H/F)
3778816857,Paris|Île-de-France|France,Rothschild & Co,Banquier Conseil – Corporate
3783443878,Châtillon-sur-Seiche|Brittany|France,Jober Group | Recrutement Dentaire 🦷 et Medical 🩺,Audioprothésiste H/F - Chatillon sur Seine 21
3778814364,Paris|Île-de-France|France,Laboratoires Juva Santé,Responsable Digital Senior (H/F)
3783644334,Marseille|Provence-Alpes-Côted'Azur|France,Collège de Paris,Chargé(e) Marketing Digital & Social Media
3783616323,Aubenas|Auvergne-Rhône-Alpes|France,ORPI,Conseiller·e immobilier transaction
3773423188,Balaruc-les-Bains|Occitanie|France,TEMANA,3 Spa praticien(ne)s -  CDI
3777886789,Boulogne-Billancourt|Île-de-France|France,Hilti Group,UI/UX Designer (F/H)
3783487303,Marseille|Provence-Alpes-Côted'Azur|France,Walter Learning,Head of Finance F/H
3783669203,Nantes|PaysdelaLoire|France,digital4better,Customer Succes Manager - Junior  F/H
3782001447,Brison-Saint-Innocent|Auvergne-Rhône-Alpes|France,GarderMesEnfants,Assistante-maternelle - Recherche assistante maternelle véhiculée pour son enfant à partir du 18/12/2023 à Brison-Saint-Innocent
3783425417,Bordeaux|Nouvelle-Aquitaine|France,LIANE RH,Ingénieur Agronome Agri PV (F/H)
3783645649,Malakoff|Île-de-France|France,Axione,CHEF DE MARCHE TELECOMS H/F
3782002378,Maubeuge|Hauts-de-France|France,GarderMesEnfants,Baby-sitter - Recherche baby-sitter véhiculée pour ses 3 enfants à partir du 15/12/2023 à Maubeuge
3783641994,Malakoff|Île-de-France|France,Axione,CHEF DE PRODUIT LORAWAN & IOT CONFIRME H/F
3783668035,St-Malo|Brittany|France,Le Grand Hôtel des Thermes,Commis·se Chocolatier - Confiseur F/H
3773450441,Dijon|Bourgogne-Franche-Comté|France,CCLD,Responsable des ventes secteur H/F
3782004035,Couville|Normandy|France,GarderMesEnfants,Baby-sitter - Recherche baby-sitter véhiculée pour ses 3 enfants à partir du 01/01/2024 à Couville
3783647046,Javené|Brittany|France,Groupe Adeva,Assistant administratif (H/F)
3783643441,Puteaux|Île-de-France|France,Collège de Paris,COMMUNITY MANAGER (H/F)
3772544893,Marseille|Provence-Alpes-Côted'Azur|France,Atol Conseils et Développements,Chef de projet Alfresco - Full télétravail - H/F
3783489176,GreaterParisMetropolitanRegion,Positive Thinking Company by CBTW,Pentester (CDI)
3771892913,Lyon|Auvergne-Rhône-Alpes|France,MÉTIGA,Ingénieur efficacité énergétique - Lyon H/F
3771545739,GreaterParisMetropolitanRegion,MANEXI,Chef de projets - Audits énergétiques et Energy management
3771968828,Paris|Île-de-France|France,Elatos,Chef de projet développement EnR h/f - projets éoliens et photovoltaïques
3772568109,Nersac|Nouvelle-Aquitaine|France,GE 16 EMPLOI,Technicien Qualité Laboratoire analyses et métrologie F/H
3772775804,Toulon|Provence-Alpes-Côted'Azur|France,IGUAL,Attaché commercial BtoB clientèle Collectivités/Santé secteur PACA F/H
3772760424,Rouen|Normandy|France,LTD Recrutement,Technicien Fibre optique D1-D2 H/F - Rouen
3772514652,Paris|Île-de-France|France,Opera National de Paris,Chargé/Chargée de mission développement durable
3772544891,Bordeaux|Nouvelle-Aquitaine|France,Atol Conseils et Développements,Chef de projet Alfresco - Full télétravail - H/F
3772533390,Landerneau|Brittany|France,Groupe Job&Box,Opérateur collage (H/F)
3768576598,Rousset|Provence-Alpes-Côted'Azur|France,Lynkus,Acheteur / Acheteuse (H/F)
3772516470,GreaterParisMetropolitanRegion,WWF-France,Assistant.e de Direction (F/H)
3771891966,Paris|Île-de-France|France,MÉTIGA,Chef de projets efficacité énergétique H/F
3771976021,Bernay|Normandy|France,SOS Intérim,MAGASINIER CARISTE H/F
3772764042,Caen|Normandy|France,LTD Recrutement,Technicien Fibre optique D1-D2 H/F - Caen
3772532859,Nice|Provence-Alpes-Côted'Azur|France,Collège de Paris,(H/F)Alternance - Assistant Marketing Digital
3771891961,Paris|Île-de-France|France,MÉTIGA,Ingénieur.e Exploitation Durable
3783609232,Aytré|Nouvelle-Aquitaine|France,Centres Porsche Bordeaux  La Rochelle et Bayonne,Magasinier(e)
3781841340,Poitiers|Nouvelle-Aquitaine|France,Crédit Agricole de la Touraine et du Poitou,Responsable de la Gestion Financière – Poitiers ou Tours H/F
3772751227,Rungis|Île-de-France|France,OpenSuccess,Ingénieur Pédagogique (H/F)
3778835611,France,Trust Wallet,Customer Service Team Leader
3772548411,Bordeaux|Nouvelle-Aquitaine|France,CHU de Bordeaux,PREPARATEUR EN PHARMACIE HOSPITALIERE / DISPOSITIFS MEDICAUX IMPLANTABLES - H/F
3772804274,LaVerpillière|Auvergne-Rhône-Alpes|France,KELTIS,Directeur d'exploitation Logistique F/H
3781877982,Sassenage|Auvergne-Rhône-Alpes|France,CCLD,Responsable marketing et communication H/F
3773412034,LaCôte-d’Aime|Auvergne-Rhône-Alpes|France,Université du Québec à Rimouski,Enseignante  enseignant en français langue d’enseignement au secondaire
3783647100,Maisons-Laffitte|Île-de-France|France,Domino RH,Assistant de Direction (F/H)
3781899786,Bordeaux|Nouvelle-Aquitaine|France,UCPA,ACCOMPAGNATEUR.RICE TRANSPORT (F/H/NB) BORDEAUX
3773456825,Moult-Chicheboville|Normandy|France,Slash Intérim,Chauffeur Livreur H/F
3783446207,Pontivy|Brittany|France,Jober Group | Recrutement Dentaire 🦷 et Medical 🩺,Préparateur en pharmacie - Pontivy 56 H/F - Coeff. 300-330
3773292714,Angers|PaysdelaLoire|France,Talents Commerciaux,Commercial itinérant B2C et B2B - Nord Ouest
3778835451,Paris|Île-de-France|France,Pigment,HR Operations Manager - Paris
3783646073,Toulon|Provence-Alpes-Côted'Azur|France,1001 Vies Habitat,Assistant administratif - Toulon - CDD H/F
3783641518,Nogent-sur-Seine|GrandEst|France,CRIT France,RECEPTIONNISTE ANGLAIS (H/F)
3783643219,Toulouse|Occitanie|France,Domino RH,Assistant social (H/F)
3773452259,Mouilleron-le-Captif|PaysdelaLoire|France,METIER INTERIM & CDI,Tourneur Fraiseur H/F
3783638990,Sainte-Croix-en-Plaine|GrandEst|France,Harry Hope.,Assistant juridique (H/F)
3778824075,Neuilly-sur-Seine|Île-de-France|France,GROUPE M6,Producteur coordinateur H/F
3783448070,Montigny-lès-Cormeilles|Île-de-France|France,Jober Group | Recrutement Dentaire 🦷 et Medical 🩺,ORL H/F - Libéral ou salarié - Proche gare - Montigny-les-Cormeilles 95
3783477596,St.-Fons|Auvergne-Rhône-Alpes|France,DAVRICOURT | Certified Positive Company®,Electronics Lead Buyer (H/F)
3773420321,Lyon|Auvergne-Rhône-Alpes|France,TEMANA,Spa Praticien (H/F)
3778832704,Vénissieux|Auvergne-Rhône-Alpes|France,GIF EMPLOI,Assistant technique (H/F)
3778815859,Fontenay-sous-Bois|Île-de-France|France,PASQAL,General Application for Future France Opportunities
3783668746,Lyon|Auvergne-Rhône-Alpes|France,Carré Blanc,Stage Graphiste/Webdesigner Junior H/F
3783642582,Loscouët-sur-Meu|Brittany|France,FID RH,CONTROLEUR DE GESTION (H/F)
3783645028,Haguenau|GrandEst|France,Synergie,Réceptionniste F/H
3783647460,Montigny-le-Bretonneux|Île-de-France|France,Axione,CONDUCTEUR DE TRAVAUX RADIO INDOOR (78) H/F
3783664612,St-Malo|Brittany|France,Le Grand Hôtel des Thermes,Gouvernant·e F/H
3783645656,Malakoff|Île-de-France|France,Axione,JURISTE CORPORATE H/F
3781897841,GreaterParisMetropolitanRegion,ExcelGens  Inc.,Data Center Technician
3781814172,Ivry-sur-Seine|Île-de-France|France,GarderMesEnfants,Assistante-maternelle - Recherche nounou ou assistante maternelle pour son enfant à partir du 08/01/2024 à Ivry-sur-Seine
3783622411,Paris|Île-de-France|France,Hôtel des Grands Voyageurs,Réceptionniste de nuit
3782001490,Boulogne-Billancourt|Île-de-France|France,GarderMesEnfants,Assistante-maternelle - Recherche nounou ou assistante maternelle pour son enfant à partir du 15/04/2024 à Boulogne-Billancourt
3783644168,Loriol-sur-Drôme|Auvergne-Rhône-Alpes|France,Synergie,Préparateur de commandes F/H
3778836396,Marches|Auvergne-Rhône-Alpes|France,Bromford,Electrician
3783643353,Brunstatt-Didenheim|GrandEst|France,CRIT France,Préparateur de commandes (H/F).
3783645076,Gémenos|Provence-Alpes-Côted'Azur|France,Synergie,Préparateur de commandes F/H
3783646074,Salon-de-Provence|Provence-Alpes-Côted'Azur|France,Groupe Jubil Intérim,HOMME DE PARC (H/F)
3781898760,Bournezeau|PaysdelaLoire|France,GarderMesEnfants,Baby-sitter - Cherche garde enfant de nuit
3773185064,Montivilliers|Normandy|France,Qualis,Agent de Transit Import H/F
3781841975,Occitanie|France,TALENTPEOPLE,Zone Manager Région Occitanie (H/F)
3783616545,Paris|Île-de-France|France,Le Parchamp  Paris Boulogne  a Tribute Portfolio by Marriott International,Réceptionniste
3783466992,Rousset|Provence-Alpes-Côted'Azur|France,DELKO,DIRECTEUR MARKETING H/F
3778834466,Vair-sur-Loire|PaysdelaLoire|France,Groupe LIP – Interim et Recrutement,Assistant Administratif (H/F)
3783641975,Challans|PaysdelaLoire|France,Domusvi,Chargé accueil et administration (h/f)
3772771280,Augny|GrandEst|France,CHRONOJOB,Femme de Chambre H/F
3783638909,LaRoche-sur-Yon|PaysdelaLoire|France,DPD France,Préparateur(rice) activité de quai H/F
3773191343,France,GERINTER,Assistant Administratif H/F
3773484128,Aix-en-Provence|Provence-Alpes-Côted'Azur|France,Harry Hope.,Responsable conception (H/F)
3783444540,Ajaccio|Corsica|France,Jober Group | Recrutement Dentaire 🦷 et Medical 🩺,Chirurgien-Dentiste - Porto-Vecchio 20 H/F
3773459162,Dourdan|Île-de-France|France,2A EXPERT RH,Controleur Aeronautique H/F
3783641729,Neuilly-sur-Seine|Île-de-France|France,Collège de Paris,Assistante RH / PAIE  (H/F)
3773188688,Laval-Pradel|Occitanie|France,Titan Partners - Cabinet de recrutement juridique et financier,Juriste Corporate - Droit des Affaires H/F
3783644343,Dinan|Brittany|France,Groupe Job&Box,Chauffagiste
3783669203,Nantes|PaysdelaLoire|France,digital4better,Customer Succes Manager - Junior  F/H
job_id,location,entreprise,titre
3778824075,Neuilly-sur-Seine|Île-de-France|France,GROUPE M6,Producteur coordinateur H/F
3783647460,Montigny-le-Bretonneux|Île-de-France|France,Axione,CONDUCTEUR DE TRAVAUX RADIO INDOOR (78) H/F
3783639843,Beauzac|Auvergne-Rhône-Alpes|France,APROJOB,FRAISEUR CN (H/F)
3783644651,Malakoff|Île-de-France|France,Axione,INGENIEUR SYSTEME ET RESEAU H/F
3782003306,Metz|GrandEst|France,Universite de Lorraine,Responsable d'équipe informatique H/F
3783483937,Marseille|Provence-Alpes-Côted'Azur|France,Walter Learning,Customer Success Specialist F/H
3773190224,Malville|PaysdelaLoire|France,METIER INTERIM & CDI,Cuisinier Iaa H/F
3783448149,Vandoeuvre-lès-Nancy|GrandEst|France,Jober Group | Recrutement Dentaire 🦷 et Medical 🩺,Ophtalmologue - 120K bruts/an + variable H/F - Vandœuvre-lès-Nancy 54
3782002497,LaPenne-sur-Huveaune|Provence-Alpes-Côted'Azur|France,Groupe ACCEO,Assistant Technique (H/F)
3783643199,Bessines-sur-Gartempe|Nouvelle-Aquitaine|France,Synergie,Opérateur sur machines d'usinage F/H
3773190668,Yvetot|Normandy|France,IMEO Conseil,Responsable d'Agence H/F
3783662411,Lille|Hauts-de-France|France,IÉSEG School of Management,Chargé de communication et événementiel (H/F)
3783661539,Paris|Île-de-France|France,IÉSEG School of Management,Chargé de communication et événementiel (H/F)
3783443888,Paris|Île-de-France|France,Jober Group | Recrutement Dentaire 🦷 et Medical 🩺,Cardiologue H/F - Salarié - 45% brut - Paris 75
3777899197,France,Antenor,Sales Account Manager
3783622411,Paris|Île-de-France|France,Hôtel des Grands Voyageurs,Réceptionniste de nuit
3783644147,Cergy|Île-de-France|France,Département du Val d'Oise,Chef de projet systèmes d'information (H/F)
3783645087,Hendaye|Nouvelle-Aquitaine|France,Synergie,Assistant commercial F/H
3783442785,Colombes|Île-de-France|France,Jober Group | Recrutement Dentaire 🦷 et Medical 🩺,Cardiologue H/F - Salarié - Rém. attractive au % - Colombes 92
3783643416,Gonesse|Île-de-France|France,Job&Talent Recrutement,Opérateur logistique polyvalent(H/F)
3773294394,Avignon|Provence-Alpes-Côted'Azur|France,Talents Commerciaux,Attaché(e) commercial négociation industrie
3781841975,Occitanie|France,TALENTPEOPLE,Zone Manager Région Occitanie (H/F)
3783646195,Donzère|Auvergne-Rhône-Alpes|France,Synergie,Préparateur de commandes F/H
3783640902,Ennery|GrandEst|France,Synergie,Préparateur de commandes F/H
3783646074,Salon-de-Provence|Provence-Alpes-Côted'Azur|France,Groupe Jubil Intérim,HOMME DE PARC (H/F)
3783642602,Antony|Île-de-France|France,Domino RH,Assistant Social H/F
3783645290,Ivry-sur-Seine|Île-de-France|France,Domino RH,Assistant Social H/F
3783490187,Bordes|Nouvelle-Aquitaine|France,ARIAL Industries,DESSINATEUR PROJETEUR (H/F)
3781841340,Poitiers|Nouvelle-Aquitaine|France,Crédit Agricole de la Touraine et du Poitou,Responsable de la Gestion Financière – Poitiers ou Tours H/F
3783664105,Beauvais|Hauts-de-France|France,GUEUDET 1880,Vendeur Automobile (f/h)
3781867072,Fresnoy-le-Grand|Hauts-de-France|France,Le Creuset,Retail Business Analyst (F/H)
3783642432,Bouxwiller|GrandEst|France,ExperTeam Emploi,MANOEUVRE (H/F)
3783658077,Lagarde-Paréol|Provence-Alpes-Côted'Azur|France,Agence PUISSANCE CAP,Assistant(e) administratif(ve) - CDI : H/F
3781877982,Sassenage|Auvergne-Rhône-Alpes|France,CCLD,Responsable marketing et communication H/F
3782002377,Ampuis|Auvergne-Rhône-Alpes|France,GarderMesEnfants,Assistante-maternelle - Garde enfant 8 ans
3783644653,Malakoff|Île-de-France|France,Axione,CHEF DE MARCHE VIDEOPROTECTION ET SURETE H/F
3778806589,Paris|Île-de-France|France,BDO France,Stagiaire Data Scientist - F/H
3783645188,Alès|Occitanie|France,Harry Hope.,TECHNICIEN CHIMISTE (H/F)
3783450108,Compiègne|Hauts-de-France|France,Menway Emploi,MACON BATIMENT H/F
3783668143,Paris|Île-de-France|France,Hôtel Monsieur George,Maître d'Hôtel F/H
3773452318,France,Harry Hope.,Technicien Métrologue H/F
3773421231,Cannes|Provence-Alpes-Côted'Azur|France,TEMANA,Stagiaires / CDD 6 mois (H/F)
3782002117,Ermont|Île-de-France|France,GarderMesEnfants,Assistante-maternelle - Recherche assistante maternelle pour son enfant à partir du 08/01/2024 à Ermont
3773452705,Macau|Nouvelle-Aquitaine|France,Triangle Interim Solutions RH,Manutentionnaire H/F
3783472622,Lyon|Auvergne-Rhône-Alpes|France,Ramsay Santé,Agent administratif - Bureau des admissions (H/F)
3782006079,Arcueil|Île-de-France|France,UCPA,Directeur.ice des Opérations Multiplexes (F/H/NB)
3783643409,Paris|Île-de-France|France,Harry Hope.,Gestionnaire de Copropriété (H/F)
3783612989,Roquefort|Nouvelle-Aquitaine|France,TotalEnergies,Graphiste 360° (H/F)
3783645228,Marcq-en-Barœul|Hauts-de-France|France,Yampa.tech,TECHNICIEN DE MAINTENANCE PREVENTIVE F/H
3783638924,LaChâtaigneraie|PaysdelaLoire|France,Groupe Aboutir Emploi,préparateur de commandes (H/F)
3781845009,Gleizé|Auvergne-Rhône-Alpes|France,ACTUA Agences d'emploi,Câbleur d'armoires H/F
3782001396,Avignon|Provence-Alpes-Côted'Azur|France,GarderMesEnfants,Assistante-maternelle - Recherche assistante maternelle pour son enfant à partir du 10/01/2024 à Avignon
3782002391,France,resourcing life-science,Business Development Director – France
3783645088,Dinan|Brittany|France,Groupe Job&Box,Technicien.ne de maintenance
3781897883,Artiguelouve|Nouvelle-Aquitaine|France,GarderMesEnfants,Assistante-maternelle - Recherche assistante maternelle pour son enfant à partir du 01/01/2024 à Artiguelouve
3778812727,France,Playnetic,Principal Animator
3782006121,Paris|Île-de-France|France,Unis-Cite,Comptable Séniors
3778809446,Paris|Île-de-France|France,2theloo,People & Culture manager
3783644346,Saint-Avé|Brittany|France,METIER INTERIM & CDI,TELEPROSPECTEUR (H/F)
3782006079,Arcueil|Île-de-France|France,UCPA,Directeur.ice des Opérations Multiplexes (F/H/NB)
3783644300,Lunéville|GrandEst|France,Bymycar,Préparateur véhicules neufs H/F
3778806589,Paris|Île-de-France|France,BDO France,Stagiaire Data Scientist - F/H
3783486228,Meurthe-et-Moselle|GrandEst|France,DRN Associes,Auditeur/Auditrice
3773454552,Sainghin-en-Mélantois|Hauts-de-France|France,Groupe Sovitrat Interim & Recrutement,Préparateur de Commande - Manutentionnaire H/F
3773449978,Agen|Nouvelle-Aquitaine|France,Work&You - Cabinet de Recrutement National,Assistant Juridique H/F
3783666443,GreaterParisMetropolitanRegion,Beelix,Business Analyst
3782000585,Mouy|Hauts-de-France|France,GarderMesEnfants,Assistante-maternelle - Recherche assistante maternelle pour son enfant à partir du 01/01/2024 à Mouy
3783645075,Paris|Île-de-France|France,Ile-De-France Mobilités,gestionnaire marchés publics -  F/H
3781868827,Levallois-Perret|Île-de-France|France,Lagardère Travel Retail,Category Manager Spiritueux H/F
3783641669,Venelles|Provence-Alpes-Côted'Azur|France,Groupe ADSN,Responsable Marketing Opérationnel (H/F)
3783641646,Cognac|Nouvelle-Aquitaine|France,Groupe Aboutir Emploi,Chargé de réservations (H/F)
3782005120,Arcueil|Île-de-France|France,UCPA,DIRECTEUR.TRICE DE PROJETS CONTRATS PUBLICS (F/H/NB)
3783640817,Rennes|Brittany|France,Regional Interim - R Interim Groupe Triangle Solutions RH,ASSISTANT D'AGENCE H/F
3783638781,Paris|Île-de-France|France,Talan,Business Analyst Capital Market Front Office H/F
3782000621,Paris|Île-de-France|France,UCPA,Hôte.sse d'accueil / Réception de nuit (F/H/NB) - UCPA Sport Station Hostel Paris (75)
3783641646,Cognac|Nouvelle-Aquitaine|France,Groupe Aboutir Emploi,Chargé de réservations (H/F)
3782005120,Arcueil|Île-de-France|France,UCPA,DIRECTEUR.TRICE DE PROJETS CONTRATS PUBLICS (F/H/NB)
3783640817,Rennes|Brittany|France,Regional Interim - R Interim Groupe Triangle Solutions RH,ASSISTANT D'AGENCE H/F
3783638781,Paris|Île-de-France|France,Talan,Business Analyst Capital Market Front Office H/F
3782000621,Paris|Île-de-France|France,UCPA,Hôte.sse d'accueil / Réception de nuit (F/H/NB) - UCPA Sport Station Hostel Paris (75)
3783647139,Noilhan|Occitanie|France,Domino RH,Assistant de service social (H/F)
3783488196,Issy-les-Moulineaux|Île-de-France|France,Sodexo,Fiscaliste International
3783646198,Metz|GrandEst|France,My Premium Consulting - Cabinet de Recrutement,Assistant Comptable évolutif (H/F)
3783651146,Lille|Hauts-de-France|France,CPAM de Lille-Douai,Investigateur fraude F/H (CDI)
3782003111,Boulogne-sur-Mer|Hauts-de-France|France,GarderMesEnfants,Assistante-maternelle - Recherche assistante maternelle pour son enfant à partir du 02/09/2024 à Boulogne-sur-Mer
3783641714,Royan|Nouvelle-Aquitaine|France,FAB Group,Responsable Supply Chain H/F
3783644226,Donzère|Auvergne-Rhône-Alpes|France,Synergie,Préparateur de commandes F/H
3783643427,Paris|Île-de-France|France,Comptalents,Comptable Général
3781808857,Angoulême|Nouvelle-Aquitaine|France,GarderMesEnfants,Baby-sitter - Nounou pour la fille de 6 ans
3783646258,Chaponost|Auvergne-Rhône-Alpes|France,Fidérim,Préparateur de commandes (H/F)
3782004077,Cheval-Blanc|Provence-Alpes-Côted'Azur|France,GarderMesEnfants,Baby-sitter - Recherche nounou babysitter avec horaire atypique
3781899666,Ligne|Hauts-de-France|France,GarderMesEnfants,Assistante-maternelle - Recherche assistante maternelle pour son enfant à partir du 02/09/2024 à Ligné
3773418652,Mougins|Provence-Alpes-Côted'Azur|France,TEMANA,Alternance Spa Praticien (H/F)
3783427202,LePré-d’Auge|Normandy|France,TEMANA,Spa praticien H/F
3773456295,Leers|Hauts-de-France|France,SUPPLAY,Préparateur de Commandes H/F
3773457206,Dompierre-sur-Yon|PaysdelaLoire|France,METIER INTERIM & CDI,Assistant Approvisionnement H/F
3783640966,Paris|Île-de-France|France,Groupe GR International,Assistant.e de direction H/F - Anglais Bilingue
3783486670,Valbonne|Provence-Alpes-Côted'Azur|France,Capgemini,Business Analyst F/H
3783475928,Strasbourg|GrandEst|France,DAVRICOURT | Certified Positive Company®,Ingénieur d'études matériaux inorganiques H/F
3782008447,Strasbourg|GrandEst|France,KONE,Responsable Grands Comptes Régionaux H/F
3778821071,GrandEst|France,Esquisse Conseil,Directeur Régional des ventes Nord Est
3782002272,Pessac|Nouvelle-Aquitaine|France,GarderMesEnfants,Assistante-maternelle - RECHERCHE ASSISANTE MATERNELLE PESSAC/MERIGNAC
3783488622,Rennes|Brittany|France,INTRASIPA | Groupe SIPA Ouest-France,Chargé(e) d’étude marketing
3782004202,Paris|Île-de-France|France,Allianz France,Analyste Crédits  (H/F) : Allianz banque
3773454483,Ste.-Marie-aux-Mines|GrandEst|France,ACTUA Agences d'emploi,Preparateur de Commandes H/F
3783486710,Vitrolles|Provence-Alpes-Côted'Azur|France,ARIAL Industries,INGENIEUR SDR (H/F)
3783491656,Paris|Île-de-France|France,Talan,Scrum Master - H/F
3781897997,Pfastatt|GrandEst|France,GarderMesEnfants,Assistante-maternelle - Cherche assistante maternelle pour deux enfants de 8 et 3 ans
3773190656,Saintes|Nouvelle-Aquitaine|France,Asten Santé,Agent Polyvalent Logistique - Magasinier H/F
3783641522,Allinges|Auvergne-Rhône-Alpes|France,Fidérim,Manoeuvre (H/F)
3782000671,Mouchard|Bourgogne-Franche-Comté|France,Sensace,Préparateur de commandes H/F
3783645382,Pannes|Centre-ValdeLoire|France,SIM Agences d'emploi,Préparateur de commandes / Cariste H/F
3783486217,Paris|Île-de-France|France,ARCANIS Conseil,Conseiller en investissements
3783650175,Paris|Île-de-France|France,Crédit Logement,Data scientist (H/F)
3783637429,Hérault|Occitanie|France,Arthur Hunt Group,DG Filiale/ Directeur d'Agence (F/H)
3783634906,Paris|Île-de-France|France,Genpact,PMO Manager - French
3781882091,Paris|Île-de-France|France,Saint-Gobain,Customer Success Partner - Paris 4ème (H/F)
3782001442,Louvres|Île-de-France|France,GarderMesEnfants,Assistante-maternelle - Recherche assistante maternelle pour son enfant à partir du 01/06/2024 à Louvres
3773410390,LaCôte-d’Aime|Auvergne-Rhône-Alpes|France,Université du Québec à Rimouski,Enseignante  enseignant en accueil – Intégration linguistique  scolaire et sociale au niveau primaire et secondaire
3783453354,Paris|Île-de-France|France,PSL Research University,Chargé(e) de suivi de projets - Direction de la recherche (F/H)
3782002497,LaPenne-sur-Huveaune|Provence-Alpes-Côted'Azur|France,Groupe ACCEO,Assistant Technique (H/F)
3781899835,Pérols|Occitanie|France,Groupe ACCEO,Assistant Technique (H/F)
3782004206,Nantes|PaysdelaLoire|France,Groupe ACCEO,Assistant Technique (H/F)
3783447101,Fécamp|Normandy|France,Jober Group | Recrutement Dentaire 🦷 et Medical 🩺,Chirurgien-dentiste H/F - Salarié - CDI - Fécamp 76
3783664810,Cesson-Sévigné|Brittany|France,SeeYouSun,Assistant de Gestion et Comptabilité (H/F)
3783475928,Strasbourg|GrandEst|France,DAVRICOURT | Certified Positive Company®,Ingénieur d'études matériaux inorganiques H/F
3782008447,Strasbourg|GrandEst|France,KONE,Responsable Grands Comptes Régionaux H/F
3783643472,LaBoissière-de-Montaigu|PaysdelaLoire|France,METIER INTERIM & CDI,Manoeuvre TP (H/F)
3773453229,LesAchards|Provence-Alpes-Côted'Azur|France,METIER INTERIM & CDI,Opérateur Fraiseur H/F
3783643166,Montpellier|Occitanie|France,Opt’In Recrutement,Comptable syndic H/F
3783628023,Lille|Hauts-de-France|France,University of Lille 1 Sciences and Technology,Chargé-e des affaires juridiques
3772875814,Lyon|Auvergne-Rhône-Alpes|France,Université Claude Bernard Lyon 1,Electricien (H/F)
3783425267,Paris|Île-de-France|France,Licorne Society,Head of Sales
3773481058,Rodez|Occitanie|France,AFTD Association Francophone du Trauma et de la dissociation,Business Analyst
3783491095,Marignane|Provence-Alpes-Côted'Azur|France,ARIAL Industries,INGENIEUR ETUDE AERODYNAMIQUE (H/F)
3783640162,Troyes|GrandEst|France,Groupe Saint Joseph - La Salle Troyes,Enseignant technique Electricité Bâtiment et Courants Faibles F/H - Formation initiale et continue (H/F)
3783644376,Dinan|Brittany|France,Groupe Job&Box,Manoeuvre N2 3629
3783661219,Manosque|Provence-Alpes-Côted'Azur|France,Groupe Chopard,Réceptionnaire Après-Vente - H/F
3773459231,Montpellier|Occitanie|France,Ipac Bachelor Factory,Alternance Conseiller en Agence de Voyage H/F
3783642678,Cazères|Occitanie|France,Domino RH,Assistant de service social (H/F)
3783647044,L’Isle-en-Dodon|Occitanie|France,Domino RH,Assistant de service social (H/F)
3773460292,Limoges|Nouvelle-Aquitaine|France,Réseau ACTO,Aide-Cuisinier H/F
3783642391,Lanouaille|Nouvelle-Aquitaine|France,CRIT France,Traducteur( h/f)
3783647091,Neuilly-sur-Seine|Île-de-France|France,Collège de Paris,FORMATEUR (H/F)
3783642377,Vernon|Normandy|France,FAB Group,Assistant Comptable H/F - Vernon (27)
3781864260,Carnac|Brittany|France,EUROPEAN CAMPING GROUP,Agent d'accueil
3773453626,Santeny|Île-de-France|France,SUPPLAY,Preparateur de Commandes CACES 1B H/F
3778819386,GreaterParisMetropolitanRegion,Ministère de la Justice,Administrateur système réseau/Administratrice système réseau
3783642549,Metz|GrandEst|France,Domino RH,Magasinier (H/F)
3773191940,Hérault|Occitanie|France,OXYGÈNE RECRUTEMENT & INTÉRIM,Chargé de Recrutement - CDI H/F
3783644334,Marseille|Provence-Alpes-Côted'Azur|France,Collège de Paris,Chargé(e) Marketing Digital & Social Media
3773188663,Toulouse|Occitanie|France,MaisonSûr,Manoeuvre Second Oeuvre H/F
3783479571,St.-Fons|Auvergne-Rhône-Alpes|France,DAVRICOURT | Certified Positive Company®,Supplier Quality Manager H/F
3783424381,Paris|Île-de-France|France,Licorne Society,Head of People - Luxury Industry
3782006124,Marseille|Provence-Alpes-Côted'Azur|France,Aix-Marseille University,Responsable du bureau des Masters F/H
3773421225,Annecy|Auvergne-Rhône-Alpes|France,TEMANA,CDI Spa Praticien (H/F)
3773186026,LeHavre|Normandy|France,Qualis,Agent Transit Import H/F
3783475928,Strasbourg|GrandEst|France,DAVRICOURT | Certified Positive Company®,Ingénieur d'études matériaux inorganiques H/F
3773447830,Rouen|Normandy|France,CCLD,Commercial BtoB H/F
3773196814,Nantes|PaysdelaLoire|France,PerfHomme,Directeur Finances et Contrats H/F
3783642602,Antony|Île-de-France|France,Domino RH,Assistant Social H/F
3783645290,Ivry-sur-Seine|Île-de-France|France,Domino RH,Assistant Social H/F
3778817632,Puteaux|Île-de-France|France,Esquisse Conseil,Ingénieur Développement Energies Nouvelles
3783609232,Aytré|Nouvelle-Aquitaine|France,Centres Porsche Bordeaux  La Rochelle et Bayonne,Magasinier(e)
3781841340,Poitiers|Nouvelle-Aquitaine|France,Crédit Agricole de la Touraine et du Poitou,Responsable de la Gestion Financière – Poitiers ou Tours H/F
3783664105,Beauvais|Hauts-de-France|France,GUEUDET 1880,Vendeur Automobile (f/h)
3783670603,Roubaix|Hauts-de-France|France,IDKIDS.COMMUNITY,Animateur Petite Enfance structure H/F
3783658077,Lagarde-Paréol|Provence-Alpes-Côted'Azur|France,Agence PUISSANCE CAP,Assistant(e) administratif(ve) - CDI : H/F
3781877982,Sassenage|Auvergne-Rhône-Alpes|France,CCLD,Responsable marketing et communication H/F
3782002377,Ampuis|Auvergne-Rhône-Alpes|France,GarderMesEnfants,Assistante-maternelle - Garde enfant 8 ans
3783488336,Toulouse|Occitanie|France,ARIAL Industries,DESSINATEUR ELECTRIQUE (H/F)
3783644653,Malakoff|Île-de-France|France,Axione,CHEF DE MARCHE VIDEOPROTECTION ET SURETE H/F
3778806589,Paris|Île-de-France|France,BDO France,Stagiaire Data Scientist - F/H
3783645188,Alès|Occitanie|France,Harry Hope.,TECHNICIEN CHIMISTE (H/F)
3783450108,Compiègne|Hauts-de-France|France,Menway Emploi,MACON BATIMENT H/F
3768288364,Mézin|Nouvelle-Aquitaine|France,GarderMesEnfants,Baby-sitter - Recherche baby-sitter pour ses 2 enfants à partir du 30/11/2023 à Fort-de-France
3772814282,Sallanches|Auvergne-Rhône-Alpes|France,EM Recrutement,Magasinier automobile
3771890942,St-Lô|Normandy|France,LTD Recrutement,un Négociateur Telecom – Fibre optique H/F
3772553147,Ivry-sur-Seine|Île-de-France|France,Jobfirst,Assistant / Assistante accueil petite enfance
3772549165,Six-Fours-les-Plages|Provence-Alpes-Côted'Azur|France,Molly Bracken,Assistant chef de produit H/F
3772579387,Vannes|Brittany|France,GROUPE ALPHADOZ,Dessinateur Projeteur Mécanique SolidWorks - H/F
3778819386,GreaterParisMetropolitanRegion,Ministère de la Justice,Administrateur système réseau/Administratrice système réseau
3772779533,GreaterLyonArea,Faurecia,Data Scientist Intern
3771893693,Quimper|Brittany|France,LTD Recrutement,un Négociateur Telecom – Fibre optique H/F
3771898003,Alençon|Normandy|France,LTD Recrutement,un Négociateur Telecom – Fibre optique H/F
3772544875,Grenoble|Auvergne-Rhône-Alpes|France,DEVRED 1902,Directeur de Magasin - CDI - H/F
3771893696,Poitiers|Nouvelle-Aquitaine|France,LTD Recrutement,un Négociateur Telecom – Fibre optique H/F
3783617957,Mâcon|Bourgogne-Franche-Comté|France,ESMP  L’Ecole Supérieure des Métiers et de la Professionnalisation,Chargé de Prospection
3772533691,Guipavas|Brittany|France,Groupe Job&Box,Préparateur de commandes (H/F)
3768575732,Manche|Normandy|France,CAP INTER AVRANCHES,Manoeuvre bâtiment (H/F)
3783626068,Dijon|Bourgogne-Franche-Comté|France,AgroSup Dijon,www.institut-agro-dijon.fr Adjoint à la Responsable du service des ressources humaines et de la prévention H/F
3772543871,Lyon|Auvergne-Rhône-Alpes|France,Atol Conseils et Développements,Chef de projet Alfresco - Full télétravail - H/F
3772514650,Reims|GrandEst|France,Écosphère,Chargé-e de projets Faune
3778825424,Paris|Île-de-France|France,Coty,Senior Manager Packaging Development  CDI H/F
3768583117,Toulouse|Occitanie|France,Inddigo,Ingénieur / Ingénieure recherche développement énergies renouvelables en industrie (H/F)
3781864365,Paris|Île-de-France|France,V7 Recruitment,Project Director
3772752044,LaRochelle|Nouvelle-Aquitaine|France,AS Emploi,Porteurs funéraire (H/F)
3783662936,GreaterParisMetropolitanRegion,KÖM,CDI - Content Marketing Manager H/F
3783624297,Nanterre|Île-de-France|France,NAAREA,Ingénieur Hygiène Sécurité Environnement (H/F)
3772386931,Paris|Île-de-France|France,Ateliers d'Art de France,Chef(fe) de publicité régie & Chargé(e) d’affaires édition
